{
  "1_steps": {
    "e2e_total": {
      "mean": 142.60534449992215,
      "std": 0.6052503076083053,
      "min": 141.77677299994684,
      "max": 144.24567700007174
    },
    "vision_base": {
      "mean": 11.766067633410179,
      "std": 0.23146808385201598,
      "min": 11.43336899986025,
      "max": 12.0552360003785
    },
    "vision_wrist": {
      "mean": 11.586810233408565,
      "std": 0.1633709388337528,
      "min": 11.447783999756211,
      "max": 11.988320000455133
    },
    "embed_prefix": {
      "mean": 35.11795749994538,
      "std": 0.2311057376241187,
      "min": 34.573351998915314,
      "max": 35.44703599982313
    },
    "kv_cache_prefill": {
      "mean": 88.44980136661131,
      "std": 0.13432602758177933,
      "min": 88.25048499966215,
      "max": 88.79648300171539
    },
    "denoise_loop": {
      "mean": 18.004912499903487,
      "std": 0.3227448718948367,
      "min": 17.7816929990513,
      "max": 19.641408000097726
    },
    "denoise_single_step": {
      "mean": 17.896525766567112,
      "std": 0.21358431776627404,
      "min": 17.70627699988836,
      "max": 18.645217998709995
    }
  },
  "3_steps": {
    "e2e_total": {
      "mean": 179.31897410004845,
      "std": 1.5940322406062462,
      "min": 177.44520800079044,
      "max": 182.20927999936976
    },
    "vision_base": {
      "mean": 11.721444599849443,
      "std": 0.19089420763256923,
      "min": 11.442727998655755,
      "max": 12.055856001097709
    },
    "vision_wrist": {
      "mean": 11.64281620009812,
      "std": 0.17411808945389076,
      "min": 11.445444000855787,
      "max": 12.08999499976926
    },
    "embed_prefix": {
      "mean": 35.180308833211406,
      "std": 0.2359459159381009,
      "min": 34.801334999428946,
      "max": 35.61693399933574
    },
    "kv_cache_prefill": {
      "mean": 88.47815430011299,
      "std": 0.17334633286070736,
      "min": 88.13695599928906,
      "max": 88.84777700041013
    },
    "denoise_loop": {
      "mean": 54.00647899999361,
      "std": 1.3454626425978071,
      "min": 53.07258299944806,
      "max": 59.0552249996108
    },
    "denoise_single_step": {
      "mean": 17.812486933326,
      "std": 0.14475769982187583,
      "min": 17.612444000405958,
      "max": 18.155832000047667
    }
  },
  "10_steps": {
    "e2e_total": {
      "mean": 302.39809180026595,
      "std": 0.7886967714786208,
      "min": 300.91353800162324,
      "max": 304.25039600049786
    },
    "vision_base": {
      "mean": 11.692707866556399,
      "std": 0.24563029890364732,
      "min": 11.420498000006774,
      "max": 12.080487000275753
    },
    "vision_wrist": {
      "mean": 11.607066533300289,
      "std": 0.13658226301567714,
      "min": 11.451637999925879,
      "max": 11.866374999954132
    },
    "embed_prefix": {
      "mean": 34.873389466520166,
      "std": 0.2047296067912228,
      "min": 34.54455899918685,
      "max": 35.285816999021336
    },
    "kv_cache_prefill": {
      "mean": 88.27404823320346,
      "std": 0.2234915210258793,
      "min": 87.8221749990189,
      "max": 88.77643899904797
    },
    "denoise_loop": {
      "mean": 179.6880499002024,
      "std": 0.8148656219255536,
      "min": 178.68980499952158,
      "max": 181.99687600099423
    },
    "denoise_single_step": {
      "mean": 18.002737333396606,
      "std": 0.1515139933248973,
      "min": 17.83806599996751,
      "max": 18.602404999910505
    }
  },
  "_metadata": {
    "timestamp": "2026-02-12 08:49:18",
    "tag": "v1.2.0_baseline",
    "iterations": 30,
    "steps": [
      1,
      3,
      10
    ],
    "checkpoint": "/root/.cache/openpi/checkpoints/pi05_libero"
  }
}