{
  "1_steps": {
    "e2e_total": {
      "mean": 166.41568993333445,
      "std": 0.8469226230143848,
      "min": 165.78460799973982,
      "max": 168.15730600137613
    },
    "vision": {
      "mean_ms": 33.33030796657113,
      "std_ms": 0.03623737233434974,
      "min_ms": 33.23855200142134,
      "max_ms": 33.39933000097517
    },
    "kv_cache": {
      "mean_ms": 107.57218146676071,
      "std_ms": 0.04243828591073123,
      "min_ms": 107.51598900060344,
      "max_ms": 107.71879000094486
    },
    "denoise": {
      "mean_ms": 12.411215599786374,
      "std_ms": 0.036031902718185044,
      "min_ms": 12.27976399968611,
      "max_ms": 12.454227000489482
    },
    "breakdown": {
      "vision": {
        "ms": 33.33030796657113,
        "pct": 20.028344671060243
      },
      "kv_cache": {
        "ms": 107.57218146676071,
        "pct": 64.64064867312315
      },
      "denoise": {
        "ms": 12.411215599786374,
        "pct": 7.457960006510362
      }
    },
    "hz": 6.009048788612399
  },
  "3_steps": {
    "e2e_total": {
      "mean": 175.72793000017555,
      "std": 0.6322434362561826,
      "min": 175.2194500004407,
      "max": 177.7379059985833
    },
    "vision": {
      "mean_ms": 33.23792519992518,
      "std_ms": 0.0694637098065419,
      "min_ms": 33.11497200047597,
      "max_ms": 33.50536899961298
    },
    "kv_cache": {
      "mean_ms": 98.7881706999057,
      "std_ms": 0.17838872082520238,
      "min_ms": 98.58499799884157,
      "max_ms": 99.29904300042836
    },
    "denoise": {
      "mean_ms": 33.09860993328281,
      "std_ms": 0.06904598088055677,
      "min_ms": 32.943111000349745,
      "max_ms": 33.24551699915901
    },
    "breakdown": {
      "vision": {
        "ms": 33.23792519992518,
        "pct": 18.914423677495076
      },
      "kv_cache": {
        "ms": 98.7881706999057,
        "pct": 56.21654491679668
      },
      "denoise": {
        "ms": 33.09860993328281,
        "pct": 18.835144722440962
      }
    },
    "hz": 5.6906150319929285
  },
  "10_steps": {
    "e2e_total": {
      "mean": 255.636760600161,
      "std": 1.3191994283490234,
      "min": 254.2346140016889,
      "max": 260.09029200031364
    },
    "vision": {
      "mean_ms": 33.32912870015813,
      "std_ms": 0.07576785491467172,
      "min_ms": 33.218682001461275,
      "max_ms": 33.51273800035415
    },
    "kv_cache": {
      "mean_ms": 99.62787690007342,
      "std_ms": 0.72865147017828,
      "min_ms": 99.04300400012289,
      "max_ms": 102.93737900065025
    },
    "denoise": {
      "mean_ms": 111.55342253356746,
      "std_ms": 0.09592645628341438,
      "min_ms": 111.32478499894205,
      "max_ms": 111.7688040012581
    },
    "breakdown": {
      "vision": {
        "ms": 33.32912870015813,
        "pct": 13.037690127942083
      },
      "kv_cache": {
        "ms": 99.62787690007342,
        "pct": 38.97243755795373
      },
      "denoise": {
        "ms": 111.55342253356746,
        "pct": 43.6374730581284
      }
    },
    "hz": 3.9118004689634223
  },
  "_metadata": {
    "timestamp": "2026-02-12 09:59:11",
    "tag": "full_optimized_v1.2.0",
    "iterations": 30,
    "steps": [
      1,
      3,
      10
    ],
    "checkpoint": "/root/.cache/openpi/checkpoints/pi05_libero",
    "backend": "full_optimized",
    "optimizations": {
      "vision": "TRT_FP16",
      "kv_cache": "TRT_FP8_MLP",
      "denoise": "CUDA_Graph"
    }
  }
}