{
  "state_drift": {
    "min": 0.0,
    "max": 0.34433913230895996,
    "mean": 0.14048971552401782,
    "std": 0.06865298448868516,
    "p50": 0.13122308254241943,
    "p75": 0.18120062351226807,
    "p90": 0.2323628187179566,
    "p95": 0.28548695147037506
  },
  "weighted_drift": {
    "min": 0.0,
    "max": 1.9783965349197388,
    "mean": 0.7520316112786531,
    "std": 0.3843285890295462,
    "p50": 0.696433037519455,
    "p75": 0.9951505810022354,
    "p90": 1.3265110254287722,
    "p95": 1.401870721578598
  },
  "raw_diff": {
    "min": 0.0,
    "max": 110.90743255615234,
    "mean": 59.118639473120375,
    "std": 24.34476801293136,
    "p50": 61.13182473182678,
    "p75": 73.62719720602036,
    "p90": 92.275385928154,
    "p95": 98.07405004501342
  },
  "recommended_thresholds": {
    "state_threshold": 0.2323628187179566,
    "drift_threshold": 0.9951505810022354,
    "comment": "state_threshold at P90 catches major joint movements. drift_threshold at P75 is balanced between reuse rate and safety."
  }
}